{
    "root_group": {
        "path": "",
        "id": "d41d8cd98f00b204e9800998ecf8427e",
        "groups": {},
        "checks": {
                "status é 200": {
                    "passes": 28365,
                    "fails": 0,
                    "name": "status é 200",
                    "path": "::status é 200",
                    "id": "b16e99ca05db78d0783cae331c9a2805"
                },
                "tempo de resposta < 5s": {
                    "fails": 343,
                    "name": "tempo de resposta < 5s",
                    "path": "::tempo de resposta < 5s",
                    "id": "cd388e8221d3e00ce8a16745da10bc67",
                    "passes": 28022
                }
            },
        "name": ""
    },
    "metrics": {
        "http_req_blocked": {
            "avg": 42.19831502555964,
            "min": 0,
            "med": 0,
            "max": 9484.9849,
            "p(90)": 0,
            "p(95)": 0
        },
        "checks": {
            "passes": 56387,
            "fails": 343,
            "value": 0.9939538163229332
        },
        "http_req_connecting": {
            "p(95)": 0,
            "avg": 19.453827868852468,
            "min": 0,
            "med": 0,
            "max": 2067.6209,
            "p(90)": 0
        },
        "data_received": {
            "count": 792998804,
            "rate": 4383616.889198752
        },
        "http_req_tls_handshaking": {
            "avg": 22.73393081262119,
            "min": 0,
            "med": 0,
            "max": 8165.8605,
            "p(90)": 0,
            "p(95)": 0
        },
        "iterations": {
            "count": 28365,
            "rate": 156.798840597145
        },
        "vus": {
            "value": 1,
            "min": 1,
            "max": 1000
        },
        "http_req_failed": {
            "passes": 0,
            "fails": 28365,
            "thresholds": {
                "rate<0.10": false
            },
            "value": 0
        },
        "http_reqs": {
            "rate": 156.798840597145,
            "count": 28365
        },
        "http_req_duration": {
            "med": 913.2597,
            "max": 19137.1011,
            "p(90)": 2869.611160000001,
            "p(95)": 3421.947959999999,
            "avg": 1229.920552229862,
            "min": 13.3857,
            "thresholds": {
                "p(95)<5000": false
            }
        },
        "http_req_receiving": {
            "avg": 602.1407091309688,
            "min": 0,
            "med": 208.2841,
            "max": 17674.2436,
            "p(90)": 1546.1537,
            "p(95)": 2029.1083999999998
        },
        "data_sent": {
            "count": 3940498,
            "rate": 21782.672934086677
        },
        "iteration_duration": {
            "p(90)": 3948.438480000002,
            "p(95)": 4541.080719999999,
            "avg": 2274.491340532341,
            "min": 1014.228,
            "med": 1942.4306,
            "max": 20137.7152
        },
        "http_req_sending": {
            "med": 0,
            "max": 120.8356,
            "p(90)": 0.2640200000000004,
            "p(95)": 0.39225999999999983,
            "avg": 0.09407490216816496,
            "min": 0
        },
        "http_req_duration{expected_response:true}": {
            "avg": 1229.920552229862,
            "min": 13.3857,
            "med": 913.2597,
            "max": 19137.1011,
            "p(90)": 2869.611160000001,
            "p(95)": 3421.947959999999
        },
        "http_req_waiting": {
            "avg": 627.6857681967275,
            "min": 0.5297,
            "med": 359.0877,
            "max": 6205.7691,
            "p(90)": 1661.84814,
            "p(95)": 1880.22238
        },
        "vus_max": {
            "value": 1000,
            "min": 1000,
            "max": 1000
        }
    }
}